publication_external_id,title_truth,tldr_truth,references_truth,tags_truth,title_generated,tldr_generated,references_generated,tags_generated,tldr_similarity_score,tldr_similarity_passed,tldr_similarity_reason,tldr_faithfulness_score,tldr_faithfulness_passed,tldr_faithfulness_reason,,,
ljGAbBceZbpv,Distance Profile for Time-Step Classification in Time Series Analysis,"Distance Profile is a versatile and powerful technique in time series analysis. In this work, we apply it to a task we define as Time-Step Classification, where the goal is to classify individual time steps within a time series. Our approach demonstrates its effectiveness and potential for broader applications in this domain.","[Reference(url='https://stumpy.readthedocs.io', title='STUMPY: A powerful and scalable Python library for time series data mining.'), Reference(url='', title='MASS: distance profile of a query over a time series.')]",distance profile|MASS|pattern recognition|signal processing|similarity search|time-series|time-step classification|timeseries classification,"['Harnessing Distance Profile for Time-Step Classification: A New Approach in Time Series Analysis', 'Revolutionizing Time Series Analysis: Time-Step Classification Using Distance Profile Techniques', 'Distance Profile Methodology: Transforming Time-Step Classification in Time Series Data']","1. The project explores the application of the Distance Profile technique in time series analysis, specifically for a new task called Time-Step Classification, which involves labeling individual time points. By utilizing Mueen's Algorithm for Similarity Search (MASS), the approach demonstrates effectiveness in classifying time series data and suggests potential for broader applications beyond the immediate scope.

2. This project focuses on using the Distance Profile method for Time-Step Classification in time series analysis, highlighting its ability to classify individual time steps effectively. Although it may not outperform more complex models, it serves as a valuable baseline and quick prototyping tool with the potential for wider applicability in various domains.

3. The Distance Profile technique is applied to Time-Step Classification, aiming to enhance the classification of individual time points in time series data. While the method provides a strong baseline, it may not match the accuracy of more complex models, yet its simplicity and versatility make it essential for practical time series analysis.","

- [MASS: distance profile of a query over a time series](https://link.springer.com/article/10.1007/s10618-024-01005-2)
- [Deep dive in the distance profiles - aeon 1.1.0 documentation](https://www.aeon-toolkit.org/en/latest/examples/similarity_search/distance_profiles.html)
- [The Matrix Profile — stumpy 1.13.0 documentation](https://stumpy.readthedocs.io/en/latest/Tutorial_The_Matrix_Profile.html)
- [Time Series Classification - GeeksforGeeks](https://www.geeksforgeeks.org/deep-learning/time-series-classification/)
- [What is time series classification? - IBM Developer](https://developer.ibm.com/learningpaths/get-started-time-series-classification-api/what-is-time-series-classification/)
- [Time Series Classification with Deep Learning - Towards Data Science](https://towardsdatascience.com/time-series-classification-with-deep-learning-d238f0147d6f/)
- [MASS: Mueen's Algorithm for Similarity Search](https://www.cs.unm.edu/~mueen/FastestSimilaritySearch.html)
",lightgbm|distance profile|mueen's algorithm for similarity search|stumpy|mass|time-step classification|k-nearest neighbors|eeg eye state|har70+|pamap2 physical activity monitoring,0.798064633,FALSE,"The Actual Output closely aligns with the Expected Output by emphasizing the use of the Distance Profile technique for Time-Step Classification and its effectiveness and versatility in time series analysis. It also mentions broader applicability, matching the core message. However, the Actual Output introduces additional details not present in the Expected Output, such as the use of MASS, comparison to complex models, and its role as a baseline or prototyping tool. These additions slightly shift the focus but do not significantly alter the intended meaning.",0.76791787,FALSE,"The Actual Output closely aligns with the Expected Output by correctly describing the use of the Distance Profile technique for Time-Step Classification and its effectiveness and potential for broader applications. It adds some extra details, such as mentioning Mueen's Algorithm for Similarity Search (MASS), its role as a baseline, and comparisons to more complex models, which are not present in the Expected Output. However, these additions are not misleading or incorrect, just more detailed. There are no hallucinated or factually incorrect statements, but the extra information slightly reduces alignment with the concise focus of the Expected Output.",,,
tum5RnE4A5W8,Balancing the Scales: A Comprehensive Study on Tackling Class Imbalance in Binary Classification,"This study evaluates three strategies for handling imbalanced datasets in binary classification—SMOTE, class weights, and decision threshold calibration—across 15 classifiers and 30 datasets. Results from 9,000 experiments show all methods generally outperform the baseline, with decision threshold calibration emerging as the most consistent performer. However, significant variability across datasets emphasizes the importance of testing multiple approaches for specific problems.","[Reference(url='https://doi.org/10.1145/1007730.1007735', title='Batista, G.E., Prati, R.C., & Monard, M.C. (2004). A study of the behavior of several methods for balancing machine learning training data. ACM SIGKDD Explorations Newsletter, 6(1), 20-29.'), Reference(url='https://doi.org/10.1186/1471-2105-14-106', title='Blagus, R., & Lusa, L. (2013). SMOTE for high-dimensional class-imbalanced data. BMC Bioinformatics, 14(1), 106.'), Reference(url='https://doi.org/10.1007/978-3-642-01307-2_54', title='Bunkhumpornpat, C., Sinapiromsaran, K., & Lursinsap, C. (2009). Safe-level-SMOTE: Safe-level-synthetic minority over-sampling technique for handling the class imbalanced problem. In Advances in Knowledge Discovery and Data Mining: 13th Pacific-Asia Conference, PAKDD 2009 Bangkok, Thailand, April 27-30, 2009 Proceedings (pp. 475-482). Springer Berlin Heidelberg.'), Reference(url='https://doi.org/10.1613/jair.953', title='Chawla, N.V., Bowyer, K.W., Hall, L.O., & Kegelmeyer, W.P. (2002). SMOTE: Synthetic minority over-sampling technique. Journal of Artificial Intelligence Research, 16, 321-357.'), Reference(url='https://arxiv.org/abs/2201.08528', title='Elor, Y., & Averbuch-Elor, H. (2022). To SMOTE, or not to SMOTE? arXiv preprint arXiv:2201.08528.'), Reference(url='https://doi.org/10.1007/978-3-540-28005-8_88', title='Han, H., Wang, W.Y., & Mao, B.H. (2005, August). Borderline-SMOTE: A new over-sampling method in imbalanced data sets learning. In International Conference on Intelligent Computing (pp. 878-887). Berlin, Heidelberg: Springer Berlin Heidelberg.'), Reference(url='https://doi.org/10.1016/j.neucom.2019.01.021', title='Kovács, G. (2019). SMOTE-variants: A Python implementation of 85 minority oversampling techniques. Neurocomputing, 366, 352-354.'), Reference(url='https://doi.org/10.1109/ICMLA.2007.30', title='Van Hulse, J., Khoshgoftaar, T.M., & Napolitano, A. (2007, June). Experimental perspectives on learning from imbalanced data. In Proceedings of the 24th International Conference on Machine Learning (pp. 935-942).')]",accuracy|auc-score|binary classification|class imbalance|class weights|comparative study|decision threshold|f1-score|f2-score|imbalanced data|pr-auc|precision|recall|smote,"['Evaluating Strategies for Imbalanced Datasets: A Comparative Study of SMOTE, Class Weights, and Decision Threshold Calibration in Binary Classification', '', 'Navigating Class Imbalance: A Comprehensive Analysis of Three Techniques for Enhancing Binary Classification Performance']","1. This study evaluates three methods—SMOTE, class weights, and decision threshold calibration—for addressing imbalanced datasets in binary classification, using 9,000 experiments across 15 classifiers and 30 datasets. Findings reveal that all methods outperform the baseline, with decision threshold calibration proving to be the most reliable technique, though performance varies significantly by dataset.

2. The research investigates strategies for managing imbalanced datasets in binary classification, focusing on SMOTE, class weights, and decision threshold calibration through extensive experimentation. Results indicate that while all methods enhance performance over the baseline, decision threshold calibration is the most consistently effective approach, underscoring the need for dataset-specific analysis.

3. This project systematically compares three strategies for handling imbalanced datasets—SMOTE, class weights, and decision threshold calibration—across various classifiers and datasets. All methods improve on baseline performance, with decision threshold calibration identified as the most robust technique, although results highlight the importance of tailoring approaches to specific datasets.","

- [SMOTE for Imbalanced Classification with Python](https://www.geeksforgeeks.org/machine-learning/smote-for-imbalanced-classification-with-python/)
- [How to Deal with Imbalanced Datasets with SMOTE algorithm](https://www.turing.com/kb/smote-for-an-imbalanced-dataset)
- [Mastering Imbalanced Datasets: A Beginner's Guide to SMOTE](https://dev.to/kammarianand/mastering-imbalanced-datasets-a-beginners-guide-to-smote-7m5)
- [Improving Class Imbalance with Class Weights in Machine Learning](https://medium.com/@ravi.abhinav4/improving-class-imbalance-with-class-weights-in-machine-learning-af072fdd4aa4)
- [Class weights in binary classification model with Keras](https://stackoverflow.com/questions/43390162/class-weights-in-binary-classification-model-with-keras)
- [How to set class weights for imbalanced classes in Keras?](https://datascience.stackexchange.com/questions/13490/how-to-set-class-weights-for-imbalanced-classes-in-keras)
- [Tuning the decision threshold for class prediction](https://scikit-learn.org/stable/modules/classification_threshold.html)
- [A Gentle Introduction to Threshold-Moving for Imbalanced Classification](https://machinelearningmastery.com/threshold-moving-for-imbalanced-classification/)
- [10 Techniques to handle imbalance class in Machine Learning](https://www.analyticsvidhya.com/blog/2020/07/10-techniques-to-deal-with-class-imbalance-in-machine-learning/)
- [Handling Imbalanced Data for Classification - GeeksforGeeks](https://www.geeksforgeeks.org/machine-learning/handling-imbalanced-data-for-classification/)
- [Handling Data Imbalance in Machine Learning](https://isi-web.org/sites/default/files/2024-02/Handling-Data-Imbalance-in-Machine-Learning.pdf)
- [Dealing with Imbalanced Datasets in Machine Learning: Techniques and Best Practices](https://www.blog.trainindata.com/machine-learning-with-imbalanced-data/)
",synthetic minority over-sampling technique|class weights|decision threshold calibration|binary classification|imbalanced datasets|model|dataset|smote|baseline|borderline-smote,0.9,TRUE,"The Actual Output closely matches the Expected Output in terms of key information: it mentions the three methods (SMOTE, class weights, decision threshold calibration), the context of binary classification, the use of 15 classifiers and 30 datasets, and the finding that all methods outperform the baseline with decision threshold calibration as the most reliable. It also notes performance variability and the need for dataset-specific analysis. The only minor shortcoming is that not all Actual Output versions explicitly mention the exact number of experiments (9,000), but the main message and intent are preserved.",0.901406363,TRUE,"The Actual Output closely matches the Expected Output in factual content, mentioning the evaluation of SMOTE, class weights, and decision threshold calibration across 15 classifiers and 30 datasets, and referencing 9,000 experiments. It accurately states that all methods outperform the baseline and that decision threshold calibration is the most reliable or consistent method, with performance varying by dataset. There are no hallucinated or incorrect facts, and all key points from the Expected Output are present, though some minor rewording and slight emphasis differences (e.g., 'underscoring the need for dataset-specific analysis' vs. 'emphasizes the importance of testing multiple approaches') prevent a perfect score.",,,
qWBpwY20fqSz,Licenses for ML Projects: A Primer,"This article explains the importance of licensing in ML projects, explores common license types, guides you in choosing the right license, and provides best practices for licensing your work. Understanding licensing is crucial for protecting your work and fostering collaboration in the ML community.","[Reference(url='https://choosealicense.com/', title='Choose a License'), Reference(url='https://opensource.org/licenses', title='Open Source Initiative'), Reference(url='https://www.fsf.org/licensing/', title='Free Software Foundation'), Reference(url='https://creativecommons.org/', title='Creative Commons'), Reference(url='https://www.apache.org/licenses/LICENSE-2.0', title='Apache 2.0 License'), Reference(url='https://www.gnu.org/licenses/licenses.html', title='GNU Licenses'), Reference(url='https://opensource.org/licenses/MIT', title='MIT License'), Reference(url='https://en.wikipedia.org/wiki/Multi-licensing', title='Dual Licensing'), Reference(url='https://opensource.org/osd', title='Open Source Definition')]",Apache|BSD|copyleft|copyright|derivative-work|dual-licensing|GPL|intellectual-property|legal|licensing|machine learning|MIT|open source|open-source|OSS|permissive-license|software licensing|source-code,"['Navigating the Licensing Landscape: Essential Guide for Machine Learning Projects', 'Empowering Innovation: The Critical Role of Licensing in Machine Learning Development', 'Licensing Demystified: Protecting Your Machine Learning Projects and Fostering Collaboration']","1. This article highlights the vital role of licensing in machine learning projects, explaining how it protects creators' rights and fosters collaboration. It covers essential licensing terminology, common license types, and offers guidance on selecting the right license while promoting best practices for effective licensing.

2. The significance of licensing in machine learning projects is emphasized, detailing how it safeguards intellectual property and encourages community collaboration. The article provides insights on various license types and practical advice for choosing and applying licenses to maximize project impact and legal protection.

3. Licensing is crucial for machine learning projects, ensuring creators can protect their rights while promoting innovation through collaboration. This article explains key licensing terms, contrasts common license types, and offers guidance on selecting and applying the appropriate license to enhance project visibility and usability.","

- [Choose an open source license | Choose a License](https://choosealicense.com/)
- [AI Licenses: What You Should Know for Your Applications](https://viso.ai/deep-learning/ai-licenses/)
- [AI Licenses: A Rundown of Widely Used AI Licenses [2024]](https://capalearning.com/2024/09/17/ai-licenses-a-rundown-of-widely-used-ai-licenses-2024/)
- [Licenses for ML Projects: A Primer](https://app.readytensor.ai/publications/licenses-for-ml-projects-a-primer-qWBpwY20fqSz)
- [Licensing and Legal Considerations for Open-Source AI](https://aimodels.org/open-source-ai/licensing-legal-considerations-open-source-ai/)
- [Eight Tips for Navigating the Complex World of AI Licensing](https://ipwatchdog.com/2025/01/16/eight-tips-navigating-complex-world-ai-licensing/id=185180/)
",tensorflow|pytorch|scikit-learn|mit|apache|gpl|lgpl|github|the free software foundation|the open source initiative,0.96791787,TRUE,"The Actual Output fully aligns with the Expected Output, covering the importance of licensing in machine learning projects, the exploration of common license types, guidance on choosing the right license, and best practices for licensing. Both outputs emphasize protection of creators' rights and fostering collaboration. No key information is missing or extraneous.",0.802853497,TRUE,"The Actual Output closely aligns with the Expected Output, accurately covering the importance of licensing in machine learning projects, the exploration of common license types, guidance on choosing the right license, and best practices. It maintains factual consistency and does not introduce hallucinated or incorrect facts. However, it adds some extra details, such as emphasizing legal protection and project impact, which, while relevant, are not explicitly mentioned in the Expected Output. This slight expansion prevents a perfect score.",,,